tag,n_points,a(slope),b(intercept),SSE,ResidualVariance,R2
person1,8,0.9982,0.0398,0.002148,0.000358,0.999991
person2,8,0.9986,-0.0194,0.00345,0.000575,0.999986
person3,8,0.9982,0.0125,0.024298,0.00405,0.999904
all_persons,24,0.9983,0.011,0.041804,0.0019,0.999945
