tag,n_points,a(slope),b(intercept),SSE,ResidualVariance,R2
person1,8,99.8229,3.9755,21.467963,3.577994,0.999992
person2,8,99.8641,-1.9353,34.475164,5.745861,0.999986
person3,8,99.8177,1.2495,242.971076,40.495179,0.999904
all_persons,24,99.8349,1.0965,417.957563,18.998071,0.999945
